T,R,returnCode,area,numCAT,adjPMean,c,d_a,
 1,   1,   3,     1.0000000000,   2,     1.0000000000,     1.0000000000,     0.0000000000
