T,R,returnCode,area,numCAT,adjPMean,mu,alpha,
 1,   1,   0,     0.5000000000,   2,     0.5000000000,     0.5000000000,     0.0000000000
