T,R,returnCode,area,numCAT,adjPMean,mu,alpha,
 1,   1,   0,     1.0000000000,   2,     1.0000000000,     9.5000000000,     1.0000000000
